"'FECHA","'DE PAGO","'","'TARJETA NÚMERO",
"'DIA","'MES","'AÑO","'",
"'","'","'","'4960802006565831",
,,,

'Confidence Scores % (Table Cell)
""'54.19921875","'54.19921875","'54.19921875","'92.08984375",
"'38.94042969","'42.01660156","'38.94042969","'83.30078125",
"'38.94042969","'42.01660156","'38.94042969","'83.30078125",
