"'FECHA","'","'FACTURACIÓN","'TARJETA NÚMERO","'PAGINA",
"'DIA","'MES","'AÑO","'","'",
"'26","'03","'2025","'4960802006565831","'1",
,,,,

'Confidence Scores % (Table Cell)
""'58.15429688","'58.15429688","'58.15429688","'87.45117188","'85.54687500",
"'43.23730469","'45.50781250","'43.57910156","'92.48046875","'84.37500000",
"'45.06835938","'47.41210938","'45.41015625","'92.48046875","'84.37500000",
