"'","'FORMA","'DE PAGO","'","'VALOR",
"'EFECTIVO","'CHEQUE","'BANCO","'NÚMERO","'",
"'","'","'","'","'",
,,,,

'Confidence Scores % (Table Cell)
""'75.97656250","'75.97656250","'75.97656250","'75.97656250","'91.74804688",
"'65.91796875","'68.65234375","'69.92187500","'70.99609375","'65.47851563",
"'77.78320313","'81.00585938","'82.51953125","'83.78906250","'65.47851563",
